<?xml version="1.0" encoding="UTF-8"?>
<project-private xmlns="http://www.netbeans.org/ns/project-private/1">
    <editor-bookmarks xmlns="http://www.netbeans.org/ns/editor-bookmarks/2" lastBookmarkId="0"/>
    <open-files xmlns="http://www.netbeans.org/ns/projectui-open-files/2">
        <group>
            <file>file:/D:/AdminPanel/Sources%20Packages/admin/AdminPanelController.java</file>
            <file>file:/D:/AdminPanel/Sources%20Packages/admin/AdminPanel.java</file>
            <file>file:/D:/AdminPanel/Sources%20Packages/resources/style.css</file>
            <file>file:/D:/AdminPanel/Sources%20Packages/resources/AdminDashboard.fxml</file>
            <file>file:/D:/AdminPanel/Sources%20Packages/admin/UsersPanelController.java</file>
        </group>
    </open-files>
</project-private>
