<?xml version="1.0" encoding="UTF-8"?>
<project-private xmlns="http://www.netbeans.org/ns/project-private/1">
    <editor-bookmarks xmlns="http://www.netbeans.org/ns/editor-bookmarks/2" lastBookmarkId="0"/>
    <open-files xmlns="http://www.netbeans.org/ns/projectui-open-files/2">
        <group>
            <file>file:/D:/CollabRoom/src/collabroom/FXMLDocumentController.java</file>
            <file>file:/D:/CollabRoom/src/adminpanel/style.css</file>
            <file>file:/D:/CollabRoom/src/collabroom/CollabRoom.java</file>
            <file>file:/D:/CollabRoom/src/collabroom/FXMLDocument.fxml</file>
            <file>file:/D:/CollabRoom/src/adminpanel/UsersPanelController.java</file>
            <file>file:/D:/CollabRoom/src/adminpanel/AdminLogIn.fxml</file>
            <file>file:/D:/CollabRoom/src/adminpanel/AdminPanelController.java</file>
            <file>file:/D:/CollabRoom/src/adminpanel/AdminPanel.java</file>
            <file>file:/D:/CollabRoom/src/reservation/Reservation.java</file>
            <file>file:/D:/CollabRoom/src/adminpanel/AdminDashboard.fxml</file>
            <file>file:/D:/CollabRoom/src/adminpanel/AdminLoginController.java</file>
            <file>file:/D:/CollabRoom/src/reservation/FXMLDocumentController.java</file>
            <file>file:/D:/CollabRoom/src/adminpanel/PasswordManager.java</file>
        </group>
    </open-files>
</project-private>
